ChatGPT;Veliki jezični model za generiranje teksta;Razgovorni AI;https://chat.openai.com;2022
Deepseek;Pretraživač temeljen na AI modelima;Pretraživanje;https://www.deepseek.com;2024
Github Copilot;Asistent za programiranje integriran u IDE;Kodiranje;https://github.com/features/copilot;2021
Midjourney;Generira slike iz tekstualnog opisa;Vizualni AI;https://www.midjourney.com;2023
Suno AI;AI alat za generiranje glazbe i zvuka;Glazbeni AI;https://www.suno.ai;2024
Claude;AI chatbot konkurent ChatGPT-u;Razgovorni AI;https://claude.ai;2023
Perplexity;AI alat za odgovaranje na pitanja s izvorima;Pretraživanje;https://www.perplexity.ai;2024